<content width="1000" height="1414" bgcolor="b0c369" loadercolor="000" panelcolor="2e482f" buttoncolor="b0c369" textcolor="00">
	<page src="pages/01.jpg"/>
	<page src="pages/02.jpg"/>
	<page src="pages/03.jpg"/>
	<page src="pages/04.jpg"/>
	<page src="pages/05.jpg"/>
	<page src="pages/06.jpg"/>
	<page src="pages/07.jpg"/>
	<page src="pages/08.jpg"/>
	<page src="pages/09.jpg"/>
	<page src="pages/10.jpg"/>
	<page src="pages/11.jpg"/>
	<page src="pages/12.jpg"/>
	<page src="pages/13.jpg"/>
	<page src="pages/14.jpg"/>
	<page src="pages/15.jpg"/>
	<page src="pages/16.jpg"/>
	<page src="pages/17.jpg"/>
	<page src="pages/18.jpg"/>
	<page src="pages/19.jpg"/>
	<page src="pages/20.jpg"/>
	<page src="pages/21.jpg"/>
	<page src="pages/22.jpg"/>
	<page src="pages/23.jpg"/>
	<page src="pages/24.jpg"/>

</content>